{
	"class_name" : "PinholeCameraParameters",
	"extrinsic" : 
	[
		0.97511878186683709,
		0.02406028195451515,
		0.22037346501519886,
		0.0,
		0.012780186421164387,
		-0.99854072397723148,
		0.052469890356915211,
		0.0,
		0.22131431965775761,
		-0.048347961604349461,
		-0.97400330929783219,
		0.0,
		0.00013451088434433066,
		2.8117030487277076e-05,
		0.00033173429743366698,
		1.0
	],
	"intrinsic" : 
	{
		"height" : 1050,
		"intrinsic_matrix" : 
		[
			909.3266739736606,
			0.0,
			0.0,
			0.0,
			909.3266739736606,
			0.0,
			959.5,
			524.5,
			1.0
		],
		"width" : 1920
	},
	"version_major" : 1,
	"version_minor" : 0
}