{
	"class_name" : "PinholeCameraParameters",
	"extrinsic" : 
	[
		0.93379235371951097,
		0.089330466505257416,
		0.3464850759974068,
		0.0,
		2.675819726669082e-06,
		-0.96833654257656065,
		0.2496484334092903,
		0.0,
		0.35781537156446436,
		-0.2331188711040485,
		-0.9042254983174044,
		0.0,
		0.00029604810997352609,
		-0.00016613938568133319,
		0.00055540726374295277,
		1.0
	],
	"intrinsic" : 
	{
		"height" : 1050,
		"intrinsic_matrix" : 
		[
			909.3266739736606,
			0.0,
			0.0,
			0.0,
			909.3266739736606,
			0.0,
			959.5,
			524.5,
			1.0
		],
		"width" : 1920
	},
	"version_major" : 1,
	"version_minor" : 0
}