{
	"class_name" : "PinholeCameraParameters",
	"extrinsic" : 
	[
		0.92725947956340105,
		-0.067454031956112173,
		-0.36829310492143985,
		0.0,
		0.0093713535587704247,
		-0.97914869231331081,
		0.20292859846165112,
		0.0,
		-0.37430206423727808,
		-0.1916188714975571,
		-0.90729277126719987,
		0.0,
		-0.00026516163368450079,
		-4.2407621159559609e-05,
		0.00033433937618083324,
		1.0
	],
	"intrinsic" : 
	{
		"height" : 1050,
		"intrinsic_matrix" : 
		[
			909.3266739736606,
			0.0,
			0.0,
			0.0,
			909.3266739736606,
			0.0,
			959.5,
			524.5,
			1.0
		],
		"width" : 1920
	},
	"version_major" : 1,
	"version_minor" : 0
}