{
	"class_name" : "PinholeCameraParameters",
	"extrinsic" : 
	[
		0.79108060250529522,
		0.033172616521826327,
		0.61081180231963017,
		0.0,
		0.053139311545578737,
		-0.99848043395758301,
		-0.014595772413228751,
		0.0,
		0.60939945348541391,
		0.044004551093866445,
		-0.79164127328904876,
		0.0,
		0.00050953976339689598,
		6.0462849647061994e-05,
		0.0012550084128774952,
		1.0
	],
	"intrinsic" : 
	{
		"height" : 1050,
		"intrinsic_matrix" : 
		[
			909.3266739736606,
			0.0,
			0.0,
			0.0,
			909.3266739736606,
			0.0,
			959.5,
			524.5,
			1.0
		],
		"width" : 1920
	},
	"version_major" : 1,
	"version_minor" : 0
}