{
	"class_name" : "PinholeCameraParameters",
	"extrinsic" : 
	[
		0.99725876577995576,
		-0.042215085669723214,
		-0.060768747041036582,
		0.0,
		-0.0067924269036257869,
		-0.87003997466620364,
		0.49293438246848909,
		0.0,
		-0.073680506321539788,
		-0.49117036659872881,
		-0.86794173419848408,
		0.0,
		-6.0785160868734588e-05,
		-0.00028827880293646449,
		0.00027269729326033466,
		1.0
	],
	"intrinsic" : 
	{
		"height" : 1050,
		"intrinsic_matrix" : 
		[
			909.3266739736606,
			0.0,
			0.0,
			0.0,
			909.3266739736606,
			0.0,
			959.5,
			524.5,
			1.0
		],
		"width" : 1920
	},
	"version_major" : 1,
	"version_minor" : 0
}