{
	"class_name" : "PinholeCameraParameters",
	"extrinsic" : 
	[
		0.98784368068940165,
		-0.1079081746439018,
		-0.11189588181446454,
		0.0,
		-0.08848463819374798,
		-0.98215038095404461,
		0.16598523426963852,
		0.0,
		-0.12780974659914215,
		-0.15406639814328907,
		-0.97975926310365491,
		0.0,
		-9.7279773906608843e-05,
		-4.4156178304728311e-05,
		0.00027807258295080506,
		1.0
	],
	"intrinsic" : 
	{
		"height" : 1050,
		"intrinsic_matrix" : 
		[
			909.3266739736606,
			0.0,
			0.0,
			0.0,
			909.3266739736606,
			0.0,
			959.5,
			524.5,
			1.0
		],
		"width" : 1920
	},
	"version_major" : 1,
	"version_minor" : 0
}