{
	"class_name" : "PinholeCameraParameters",
	"extrinsic" : 
	[
		0.97323120963558096,
		-0.22604228719351424,
		0.041543916420925822,
		0.0,
		-0.22982821855030677,
		-0.95723895874353182,
		0.17570590719037166,
		0.0,
		5.0490162172400765e-05,
		-0.18055043689762676,
		-0.98356572591099356,
		0.0,
		2.0454777155305578e-05,
		-0.00011510262720820068,
		0.00024819460407253882,
		1.0
	],
	"intrinsic" : 
	{
		"height" : 1050,
		"intrinsic_matrix" : 
		[
			909.3266739736606,
			0.0,
			0.0,
			0.0,
			909.3266739736606,
			0.0,
			959.5,
			524.5,
			1.0
		],
		"width" : 1920
	},
	"version_major" : 1,
	"version_minor" : 0
}