{
	"class_name" : "PinholeCameraParameters",
	"extrinsic" : 
	[
		0.89910249485848504,
		-0.30884373696407535,
		0.31021000931193882,
		0.0,
		-0.37895822557264941,
		-0.90388340806167078,
		0.19845767282130578,
		0.0,
		0.21910127112839198,
		-0.29599042344117232,
		-0.92972270178857008,
		0.0,
		0.00019427871775184563,
		-0.00016393326762560915,
		0.00024821630060616767,
		1.0
	],
	"intrinsic" : 
	{
		"height" : 1050,
		"intrinsic_matrix" : 
		[
			909.3266739736606,
			0.0,
			0.0,
			0.0,
			909.3266739736606,
			0.0,
			959.5,
			524.5,
			1.0
		],
		"width" : 1920
	},
	"version_major" : 1,
	"version_minor" : 0
}