{
	"class_name" : "PinholeCameraParameters",
	"extrinsic" : 
	[
		0.98468610350448871,
		-0.11612113096216764,
		0.13003522795463784,
		0.0,
		-0.15371120505696395,
		-0.93020671899699492,
		0.3332991529733938,
		0.0,
		0.082256568157706975,
		-0.34818291583148198,
		-0.93381074855561808,
		0.0,
		6.6509106186439249e-05,
		-0.00018078935055287042,
		0.00027701457185011963,
		1.0
	],
	"intrinsic" : 
	{
		"height" : 1050,
		"intrinsic_matrix" : 
		[
			909.3266739736606,
			0.0,
			0.0,
			0.0,
			909.3266739736606,
			0.0,
			959.5,
			524.5,
			1.0
		],
		"width" : 1920
	},
	"version_major" : 1,
	"version_minor" : 0
}