{
	"class_name" : "PinholeCameraParameters",
	"extrinsic" : 
	[
		0.94229308190346495,
		-0.0071413575228524706,
		-0.33471293493021853,
		0.0,
		0.16099113760434586,
		-0.86692506900389987,
		0.47172320098278187,
		0.0,
		-0.29353977824091998,
		-0.49838732502473837,
		-0.81574779977941547,
		0.0,
		-0.00026302758857302787,
		-0.0003527290402176399,
		0.00036233914954452806,
		1.0
	],
	"intrinsic" : 
	{
		"height" : 1050,
		"intrinsic_matrix" : 
		[
			909.3266739736606,
			0.0,
			0.0,
			0.0,
			909.3266739736606,
			0.0,
			959.5,
			524.5,
			1.0
		],
		"width" : 1920
	},
	"version_major" : 1,
	"version_minor" : 0
}